Start,Finish,Distance (mi),Flights Climbed (count),Steps (count)
28-Mar-2015 18:00,28-Mar-2015 19:00,0.513978463738964,0.0,1000.06421766766
28-Mar-2015 19:00,28-Mar-2015 20:00,0.330247477047971,0.0,628.935782332339
28-Mar-2015 20:00,28-Mar-2015 21:00,0.0,0.0,0.0
28-Mar-2015 21:00,28-Mar-2015 22:00,0.0,0.0,0.0
28-Mar-2015 22:00,28-Mar-2015 23:00,0.0646037231678491,0.0,146.0
28-Mar-2015 23:00,29-Mar-2015 00:00,0.0346974674978337,1.0,85.0
29-Mar-2015 00:00,29-Mar-2015 01:00,0.0677420876243128,1.0,161.0
29-Mar-2015 01:00,29-Mar-2015 02:00,0.0,0.0,0.0
29-Mar-2015 02:00,29-Mar-2015 03:00,0.0,0.0,0.0
29-Mar-2015 03:00,29-Mar-2015 04:00,0.0,0.0,0.0
29-Mar-2015 04:00,29-Mar-2015 05:00,0.0,0.0,0.0
29-Mar-2015 05:00,29-Mar-2015 06:00,0.0,0.0,0.0
29-Mar-2015 06:00,29-Mar-2015 07:00,0.0,0.0,0.0
29-Mar-2015 07:00,29-Mar-2015 08:00,0.0,0.0,0.0
29-Mar-2015 08:00,29-Mar-2015 09:00,0.0,0.0,0.0
29-Mar-2015 09:00,29-Mar-2015 10:00,0.0246310357327743,0.0,55.0
29-Mar-2015 10:00,29-Mar-2015 11:00,0.766909144274303,1.0,1631.0
29-Mar-2015 11:00,29-Mar-2015 12:00,0.151030591210676,0.0,346.0
29-Mar-2015 12:00,29-Mar-2015 13:00,0.0415573296091568,0.0,103.0
29-Mar-2015 13:00,29-Mar-2015 14:00,0.0230278950227632,0.0,55.0
29-Mar-2015 14:00,29-Mar-2015 15:00,0.999006729556361,2.0,2072.45440003488
29-Mar-2015 15:00,29-Mar-2015 16:00,1.68414858238584,1.0,3237.54559996512
29-Mar-2015 16:00,29-Mar-2015 17:00,0.039798448641852,0.0,98.0
29-Mar-2015 17:00,29-Mar-2015 18:00,0.0155904823447708,0.0,36.0
29-Mar-2015 18:00,29-Mar-2015 19:00,0.0,0.0,0.0
29-Mar-2015 19:00,29-Mar-2015 20:00,0.0152233514866388,0.0,35.0
29-Mar-2015 20:00,29-Mar-2015 21:00,0.0,0.0,0.0
29-Mar-2015 21:00,29-Mar-2015 22:00,0.0,0.0,0.0
29-Mar-2015 22:00,29-Mar-2015 23:00,0.0,0.0,0.0
29-Mar-2015 23:00,30-Mar-2015 00:00,0.0,0.0,0.0
30-Mar-2015 00:00,30-Mar-2015 01:00,0.0,0.0,0.0
30-Mar-2015 01:00,30-Mar-2015 02:00,0.0,0.0,0.0
30-Mar-2015 02:00,30-Mar-2015 03:00,0.0,0.0,0.0
30-Mar-2015 03:00,30-Mar-2015 04:00,0.0,0.0,0.0
30-Mar-2015 04:00,30-Mar-2015 05:00,0.0,0.0,0.0
30-Mar-2015 05:00,30-Mar-2015 06:00,0.0,0.0,0.0
30-Mar-2015 06:00,30-Mar-2015 07:00,0.0,0.0,0.0
30-Mar-2015 07:00,30-Mar-2015 08:00,0.279884614475977,0.0,577.0
30-Mar-2015 08:00,30-Mar-2015 09:00,2.00708925548207,4.0,4067.0
30-Mar-2015 09:00,30-Mar-2015 10:00,0.0623863473250651,0.0,132.0
30-Mar-2015 10:00,30-Mar-2015 11:00,0.0192014135494294,0.0,49.0
30-Mar-2015 11:00,30-Mar-2015 12:00,0.04056245607664,0.0,88.0
30-Mar-2015 12:00,30-Mar-2015 13:00,0.227812406275752,0.0,482.364990322511
30-Mar-2015 13:00,30-Mar-2015 14:00,0.0834972552601519,0.0,175.635009677489
30-Mar-2015 14:00,30-Mar-2015 15:00,0.314569384519391,0.0,698.0
30-Mar-2015 15:00,30-Mar-2015 16:00,0.444024596548909,0.0,917.0
30-Mar-2015 16:00,30-Mar-2015 17:00,0.127071112709035,0.0,271.0
30-Mar-2015 17:00,30-Mar-2015 18:00,0.0705873305361662,0.0,154.0
30-Mar-2015 18:00,30-Mar-2015 19:00,0.680301550660838,3.0,1418.0
30-Mar-2015 19:00,30-Mar-2015 20:00,1.50768921121469,0.0,3202.0
30-Mar-2015 20:00,30-Mar-2015 21:00,0.54701164503578,0.0,1139.84893633532
30-Mar-2015 21:00,30-Mar-2015 22:00,0.0612013811244329,0.0,139.151063664676
30-Mar-2015 22:00,30-Mar-2015 23:00,0.0,0.0,0.0
30-Mar-2015 23:00,31-Mar-2015 00:00,0.0,0.0,0.0
31-Mar-2015 00:00,31-Mar-2015 01:00,0.0,0.0,0.0
31-Mar-2015 01:00,31-Mar-2015 02:00,0.0,0.0,0.0
31-Mar-2015 02:00,31-Mar-2015 03:00,0.0,0.0,0.0
31-Mar-2015 03:00,31-Mar-2015 04:00,0.0,0.0,0.0
31-Mar-2015 04:00,31-Mar-2015 05:00,0.0,0.0,0.0
31-Mar-2015 05:00,31-Mar-2015 06:00,0.0,0.0,0.0
31-Mar-2015 06:00,31-Mar-2015 07:00,0.0,0.0,0.0
31-Mar-2015 07:00,31-Mar-2015 08:00,0.0,0.0,0.0
31-Mar-2015 08:00,31-Mar-2015 09:00,0.0,0.0,0.0
31-Mar-2015 09:00,31-Mar-2015 10:00,1.36008406671727,0.0,2811.96645520444
31-Mar-2015 10:00,31-Mar-2015 11:00,0.0633054381835942,0.0,137.033544795556
31-Mar-2015 11:00,31-Mar-2015 12:00,1.00185399602716,0.0,2110.44498051242
31-Mar-2015 12:00,31-Mar-2015 13:00,0.602500208234791,3.0,1246.55501948758
31-Mar-2015 13:00,31-Mar-2015 14:00,0.574240478571463,1.0,1183.0
31-Mar-2015 14:00,31-Mar-2015 15:00,0.648972646226816,2.0,1326.0
31-Mar-2015 15:00,31-Mar-2015 16:00,0.0223559160594739,0.0,49.0
31-Mar-2015 16:00,31-Mar-2015 17:00,0.0615404572449048,0.0,131.0
31-Mar-2015 17:00,31-Mar-2015 18:00,0.0712903052419958,0.0,150.0
31-Mar-2015 18:00,31-Mar-2015 19:00,0.525324293622126,2.0,1115.0
31-Mar-2015 19:00,31-Mar-2015 20:00,2.07447801712215,2.0,4344.0
31-Mar-2015 20:00,31-Mar-2015 21:00,0.0343978955863057,0.0,75.0
31-Mar-2015 21:00,31-Mar-2015 22:00,0.0119676091623454,0.0,28.0
31-Mar-2015 22:00,31-Mar-2015 23:00,0.0,0.0,0.0
31-Mar-2015 23:00,01-Apr-2015 00:00,0.0,0.0,0.0
01-Apr-2015 00:00,01-Apr-2015 01:00,0.0,0.0,0.0
01-Apr-2015 01:00,01-Apr-2015 02:00,0.0,0.0,0.0
01-Apr-2015 02:00,01-Apr-2015 03:00,0.0,0.0,0.0
01-Apr-2015 03:00,01-Apr-2015 04:00,0.0,0.0,0.0
01-Apr-2015 04:00,01-Apr-2015 05:00,0.0,0.0,0.0
01-Apr-2015 05:00,01-Apr-2015 06:00,0.0,0.0,0.0
01-Apr-2015 06:00,01-Apr-2015 07:00,0.0,0.0,0.0
01-Apr-2015 07:00,01-Apr-2015 08:00,0.0,0.0,0.0
01-Apr-2015 08:00,01-Apr-2015 09:00,0.00812729247126975,0.0,18.0
01-Apr-2015 09:00,01-Apr-2015 10:00,1.58954207427911,0.0,3365.0
01-Apr-2015 10:00,01-Apr-2015 11:00,0.37959711767476,1.0,750.0
01-Apr-2015 11:00,01-Apr-2015 12:00,0.0420990148002233,0.0,91.0
01-Apr-2015 12:00,01-Apr-2015 13:00,0.201659709638525,1.0,432.0
01-Apr-2015 13:00,01-Apr-2015 14:00,0.422339688560708,1.0,891.0
01-Apr-2015 14:00,01-Apr-2015 15:00,0.506334704539788,1.0,1051.0
01-Apr-2015 15:00,01-Apr-2015 16:00,0.0346958139461914,0.0,76.0
01-Apr-2015 16:00,01-Apr-2015 17:00,0.147670028905123,0.0,322.0
01-Apr-2015 17:00,01-Apr-2015 18:00,0.0430284016341821,0.0,87.0
01-Apr-2015 18:00,01-Apr-2015 19:00,0.194134224874888,1.0,409.0
01-Apr-2015 19:00,01-Apr-2015 20:00,0.0,0.0,0.0
01-Apr-2015 20:00,01-Apr-2015 21:00,0.163236874757385,0.0,358.466610048463
01-Apr-2015 21:00,01-Apr-2015 22:00,0.999288306719237,4.0,2210.86737685989
01-Apr-2015 22:00,01-Apr-2015 23:00,0.26923365938174,1.0,603.666013091648
01-Apr-2015 23:00,02-Apr-2015 00:00,0.0,0.0,0.0
02-Apr-2015 00:00,02-Apr-2015 01:00,0.0,0.0,0.0
02-Apr-2015 01:00,02-Apr-2015 02:00,0.0,0.0,0.0
02-Apr-2015 02:00,02-Apr-2015 03:00,0.0,0.0,0.0
02-Apr-2015 03:00,02-Apr-2015 04:00,0.0,0.0,0.0
02-Apr-2015 04:00,02-Apr-2015 05:00,0.0,0.0,0.0
02-Apr-2015 05:00,02-Apr-2015 06:00,0.0,0.0,0.0
02-Apr-2015 06:00,02-Apr-2015 07:00,0.0,0.0,0.0
02-Apr-2015 07:00,02-Apr-2015 08:00,0.0,0.0,0.0
02-Apr-2015 08:00,02-Apr-2015 09:00,0.0,0.0,0.0
02-Apr-2015 09:00,02-Apr-2015 10:00,1.06486930795463,3.0,2306.51431303885
02-Apr-2015 10:00,02-Apr-2015 11:00,0.0715917089101955,0.0,167.485686961149
02-Apr-2015 11:00,02-Apr-2015 12:00,0.0137403617554387,0.0,32.0
02-Apr-2015 12:00,02-Apr-2015 13:00,0.138090912350326,0.0,306.0
02-Apr-2015 13:00,02-Apr-2015 14:00,0.173307901380653,0.0,383.0
02-Apr-2015 14:00,02-Apr-2015 15:00,0.116938854430454,0.0,272.0
02-Apr-2015 15:00,02-Apr-2015 16:00,0.103144802320253,0.0,219.0
02-Apr-2015 16:00,02-Apr-2015 17:00,0.171710880328523,0.0,373.0
02-Apr-2015 17:00,02-Apr-2015 18:00,0.0488762812660842,0.0,107.0
02-Apr-2015 18:00,02-Apr-2015 19:00,0.532598996846743,0.0,1112.0
02-Apr-2015 19:00,02-Apr-2015 20:00,0.959253525796874,2.0,1977.0
02-Apr-2015 20:00,02-Apr-2015 21:00,0.502035495513482,0.0,1080.0
02-Apr-2015 21:00,02-Apr-2015 22:00,0.118017321808039,1.0,265.0
02-Apr-2015 22:00,02-Apr-2015 23:00,0.0745665819417096,1.0,174.0
02-Apr-2015 23:00,03-Apr-2015 00:00,0.0,0.0,0.0
03-Apr-2015 00:00,03-Apr-2015 01:00,0.0,0.0,0.0
03-Apr-2015 01:00,03-Apr-2015 02:00,0.0,0.0,0.0
03-Apr-2015 02:00,03-Apr-2015 03:00,0.0,0.0,0.0
03-Apr-2015 03:00,03-Apr-2015 04:00,0.0,0.0,0.0
03-Apr-2015 04:00,03-Apr-2015 05:00,0.0,0.0,0.0
03-Apr-2015 05:00,03-Apr-2015 06:00,0.0,0.0,0.0
03-Apr-2015 06:00,03-Apr-2015 07:00,0.0,0.0,0.0
03-Apr-2015 07:00,03-Apr-2015 08:00,0.0,0.0,0.0
03-Apr-2015 08:00,03-Apr-2015 09:00,0.0162608957436465,0.0,39.0
03-Apr-2015 09:00,03-Apr-2015 10:00,1.68974779086075,1.0,3531.0
03-Apr-2015 10:00,03-Apr-2015 11:00,0.378633895239032,1.0,735.0
03-Apr-2015 11:00,03-Apr-2015 12:00,0.0324246051496978,0.0,71.0
03-Apr-2015 12:00,03-Apr-2015 13:00,0.325705399995135,0.0,668.0
03-Apr-2015 13:00,03-Apr-2015 14:00,0.651872459369083,1.0,1275.0
03-Apr-2015 14:00,03-Apr-2015 15:00,0.583799497652943,0.0,1242.0
03-Apr-2015 15:00,03-Apr-2015 16:00,0.0112215753748093,0.0,24.0
03-Apr-2015 16:00,03-Apr-2015 17:00,0.150020753797761,0.0,323.0
03-Apr-2015 17:00,03-Apr-2015 18:00,0.0454055348016554,0.0,96.0
03-Apr-2015 18:00,03-Apr-2015 19:00,0.018058309006617,0.0,38.0
03-Apr-2015 19:00,03-Apr-2015 20:00,0.977212124162768,2.0,1902.0
03-Apr-2015 20:00,03-Apr-2015 21:00,1.07655159087434,0.0,2302.16032034749
03-Apr-2015 21:00,03-Apr-2015 22:00,0.364066449768284,1.0,745.839679652509
03-Apr-2015 22:00,03-Apr-2015 23:00,0.0,0.0,0.0
03-Apr-2015 23:00,04-Apr-2015 00:00,0.0,0.0,0.0
04-Apr-2015 00:00,04-Apr-2015 01:00,0.0,0.0,0.0
04-Apr-2015 01:00,04-Apr-2015 02:00,0.0,0.0,0.0
04-Apr-2015 02:00,04-Apr-2015 03:00,0.0,0.0,0.0
04-Apr-2015 03:00,04-Apr-2015 04:00,0.0,0.0,0.0
04-Apr-2015 04:00,04-Apr-2015 05:00,0.0,0.0,0.0
04-Apr-2015 05:00,04-Apr-2015 06:00,0.0,0.0,0.0
04-Apr-2015 06:00,04-Apr-2015 07:00,0.0,0.0,0.0
04-Apr-2015 07:00,04-Apr-2015 08:00,0.0,0.0,0.0
04-Apr-2015 08:00,04-Apr-2015 09:00,0.0,0.0,0.0
04-Apr-2015 09:00,04-Apr-2015 10:00,0.977845243153701,3.0,2047.0
04-Apr-2015 10:00,04-Apr-2015 11:00,0.411867059652251,0.0,869.0
04-Apr-2015 11:00,04-Apr-2015 12:00,0.983867883420648,1.0,2009.0
04-Apr-2015 12:00,04-Apr-2015 13:00,0.321279578605252,1.0,698.866962519377
04-Apr-2015 13:00,04-Apr-2015 14:00,1.83503263606514,5.0,3999.13303748062
04-Apr-2015 14:00,04-Apr-2015 15:00,0.740158043381783,2.0,1659.0
04-Apr-2015 15:00,04-Apr-2015 16:00,0.135259984031746,0.0,308.0
04-Apr-2015 16:00,04-Apr-2015 17:00,0.491012636302141,1.0,1064.17133368312
04-Apr-2015 17:00,04-Apr-2015 18:00,0.552434161690267,1.0,1229.82866631688
04-Apr-2015 18:00,04-Apr-2015 19:00,0.0637489949294338,0.0,153.0
04-Apr-2015 19:00,04-Apr-2015 20:00,0.00995553157004341,0.0,21.0
04-Apr-2015 20:00,04-Apr-2015 21:00,0.0,0.0,0.0
04-Apr-2015 21:00,04-Apr-2015 22:00,0.0948940608679919,0.0,219.0
04-Apr-2015 22:00,04-Apr-2015 23:00,0.456313001243329,3.0,1015.04439556286
04-Apr-2015 23:00,05-Apr-2015 00:00,0.649887141441634,2.0,1399.95560443714
05-Apr-2015 00:00,05-Apr-2015 01:00,0.0,0.0,0.0
05-Apr-2015 01:00,05-Apr-2015 02:00,0.0,0.0,0.0
05-Apr-2015 02:00,05-Apr-2015 03:00,0.0,0.0,0.0
05-Apr-2015 03:00,05-Apr-2015 04:00,0.0,0.0,0.0
05-Apr-2015 04:00,05-Apr-2015 05:00,0.0,0.0,0.0
05-Apr-2015 05:00,05-Apr-2015 06:00,0.0,0.0,0.0
05-Apr-2015 06:00,05-Apr-2015 07:00,0.0,0.0,0.0
05-Apr-2015 07:00,05-Apr-2015 08:00,0.0,0.0,0.0
05-Apr-2015 08:00,05-Apr-2015 09:00,0.0,0.0,0.0
05-Apr-2015 09:00,05-Apr-2015 10:00,0.0,0.0,0.0
05-Apr-2015 10:00,05-Apr-2015 11:00,0.64061797073109,0.0,1380.0
05-Apr-2015 11:00,05-Apr-2015 12:00,0.00678673266865611,0.0,14.0
05-Apr-2015 12:00,05-Apr-2015 13:00,0.818073537592384,0.0,1606.16844764536
05-Apr-2015 13:00,05-Apr-2015 14:00,2.31864110028822,0.0,4651.83155235464
05-Apr-2015 14:00,05-Apr-2015 15:00,2.75105492111553,1.0,5426.0
05-Apr-2015 15:00,05-Apr-2015 16:00,0.0148571644904585,0.0,35.0
05-Apr-2015 16:00,05-Apr-2015 17:00,0.0,0.0,0.0
05-Apr-2015 17:00,05-Apr-2015 18:00,0.0,0.0,0.0
05-Apr-2015 18:00,05-Apr-2015 19:00,0.0,0.0,0.0
05-Apr-2015 19:00,05-Apr-2015 20:00,0.0,0.0,0.0
05-Apr-2015 20:00,05-Apr-2015 21:00,0.00709422777971313,0.0,20.0
05-Apr-2015 21:00,05-Apr-2015 22:00,0.863710165107781,2.0,1831.0
05-Apr-2015 22:00,05-Apr-2015 23:00,0.00932553008616461,0.0,29.0
05-Apr-2015 23:00,06-Apr-2015 00:00,0.0,0.0,0.0
06-Apr-2015 00:00,06-Apr-2015 01:00,0.0,0.0,0.0
06-Apr-2015 01:00,06-Apr-2015 02:00,0.0,0.0,0.0
06-Apr-2015 02:00,06-Apr-2015 03:00,0.0,0.0,0.0
06-Apr-2015 03:00,06-Apr-2015 04:00,0.0,0.0,0.0
06-Apr-2015 04:00,06-Apr-2015 05:00,0.0,0.0,0.0
06-Apr-2015 05:00,06-Apr-2015 06:00,0.0,0.0,0.0
06-Apr-2015 06:00,06-Apr-2015 07:00,0.0,0.0,0.0
06-Apr-2015 07:00,06-Apr-2015 08:00,0.0,0.0,0.0
06-Apr-2015 08:00,06-Apr-2015 09:00,0.0,0.0,0.0
06-Apr-2015 09:00,06-Apr-2015 10:00,1.91374883990175,2.0,3883.0
06-Apr-2015 10:00,06-Apr-2015 11:00,0.0386016578795085,0.0,85.0
06-Apr-2015 11:00,06-Apr-2015 12:00,0.044906611487976,0.0,94.0
06-Apr-2015 12:00,06-Apr-2015 13:00,0.211491350294224,0.0,422.0
06-Apr-2015 13:00,06-Apr-2015 14:00,0.249699450243937,0.0,522.0
06-Apr-2015 14:00,06-Apr-2015 15:00,0.435392465677808,0.0,911.0
06-Apr-2015 15:00,06-Apr-2015 16:00,0.0501815196913353,0.0,111.0
06-Apr-2015 16:00,06-Apr-2015 17:00,0.069812431678375,0.0,143.0
06-Apr-2015 17:00,06-Apr-2015 18:00,0.363535774523096,0.0,807.0
06-Apr-2015 18:00,06-Apr-2015 19:00,0.219715259460764,0.0,471.0
06-Apr-2015 19:00,06-Apr-2015 20:00,0.417459168763865,0.0,909.0
06-Apr-2015 20:00,06-Apr-2015 21:00,0.625428651238594,1.0,1373.0
06-Apr-2015 21:00,06-Apr-2015 22:00,0.0,0.0,0.0
06-Apr-2015 22:00,06-Apr-2015 23:00,0.0,0.0,0.0
06-Apr-2015 23:00,07-Apr-2015 00:00,0.0,0.0,0.0
07-Apr-2015 00:00,07-Apr-2015 01:00,0.0,0.0,0.0
07-Apr-2015 01:00,07-Apr-2015 02:00,0.0,0.0,0.0
07-Apr-2015 02:00,07-Apr-2015 03:00,0.0,0.0,0.0
07-Apr-2015 03:00,07-Apr-2015 04:00,0.0,0.0,0.0
07-Apr-2015 04:00,07-Apr-2015 05:00,0.0,0.0,0.0
07-Apr-2015 05:00,07-Apr-2015 06:00,0.0,0.0,0.0
07-Apr-2015 06:00,07-Apr-2015 07:00,0.0,0.0,0.0
07-Apr-2015 07:00,07-Apr-2015 08:00,0.0,0.0,0.0
07-Apr-2015 08:00,07-Apr-2015 09:00,0.0,0.0,0.0
07-Apr-2015 09:00,07-Apr-2015 10:00,1.52036653289078,0.0,3218.0
07-Apr-2015 10:00,07-Apr-2015 11:00,0.396350761593782,1.0,808.0
07-Apr-2015 11:00,07-Apr-2015 12:00,0.14961180103554,0.0,316.0
07-Apr-2015 12:00,07-Apr-2015 13:00,0.303997133009282,0.0,641.0
07-Apr-2015 13:00,07-Apr-2015 14:00,0.684420451414408,2.0,1420.87211558048
07-Apr-2015 14:00,07-Apr-2015 15:00,0.839866508288892,2.0,1757.12788441952
07-Apr-2015 15:00,07-Apr-2015 16:00,0.0297654656115998,0.0,71.0
07-Apr-2015 16:00,07-Apr-2015 17:00,0.0684905697365963,0.0,149.0
07-Apr-2015 17:00,07-Apr-2015 18:00,0.423243411551193,0.0,860.0
07-Apr-2015 18:00,07-Apr-2015 19:00,1.72405224418119,2.0,3643.0
07-Apr-2015 19:00,07-Apr-2015 20:00,1.18136332475993,3.0,2522.0
07-Apr-2015 20:00,07-Apr-2015 21:00,0.0,0.0,0.0
07-Apr-2015 21:00,07-Apr-2015 22:00,0.0,0.0,0.0
07-Apr-2015 22:00,07-Apr-2015 23:00,0.0,0.0,0.0
07-Apr-2015 23:00,08-Apr-2015 00:00,0.0,0.0,0.0
08-Apr-2015 00:00,08-Apr-2015 01:00,0.0,0.0,0.0
08-Apr-2015 01:00,08-Apr-2015 02:00,0.0,0.0,0.0
08-Apr-2015 02:00,08-Apr-2015 03:00,0.0,0.0,0.0
08-Apr-2015 03:00,08-Apr-2015 04:00,0.0,0.0,0.0
08-Apr-2015 04:00,08-Apr-2015 05:00,0.0,0.0,0.0
08-Apr-2015 05:00,08-Apr-2015 06:00,0.0,0.0,0.0
08-Apr-2015 06:00,08-Apr-2015 07:00,0.0,0.0,0.0
08-Apr-2015 07:00,08-Apr-2015 08:00,0.0,0.0,0.0
08-Apr-2015 08:00,08-Apr-2015 09:00,0.012242110911767,0.0,29.0
08-Apr-2015 09:00,08-Apr-2015 10:00,2.07003742046825,3.0,4352.0
08-Apr-2015 10:00,08-Apr-2015 11:00,0.0100081983593372,0.0,23.0
08-Apr-2015 11:00,08-Apr-2015 12:00,0.158267460009699,1.0,350.0
08-Apr-2015 12:00,08-Apr-2015 13:00,0.374251041068243,0.0,822.0
08-Apr-2015 13:00,08-Apr-2015 14:00,0.279442231571391,3.0,601.0
08-Apr-2015 14:00,08-Apr-2015 15:00,0.0626070778529994,0.0,134.0
08-Apr-2015 15:00,08-Apr-2015 16:00,0.174832846780815,0.0,384.0
08-Apr-2015 16:00,08-Apr-2015 17:00,0.05880747260563,0.0,135.0
08-Apr-2015 17:00,08-Apr-2015 18:00,0.0329122759416338,0.0,70.0
08-Apr-2015 18:00,08-Apr-2015 19:00,0.423723795030598,0.0,879.0
08-Apr-2015 19:00,08-Apr-2015 20:00,0.7821525910701,1.0,1646.0
08-Apr-2015 20:00,08-Apr-2015 21:00,0.0458716198323771,0.0,113.0
08-Apr-2015 21:00,08-Apr-2015 22:00,0.00726031784287876,0.0,16.0
08-Apr-2015 22:00,08-Apr-2015 23:00,0.0,0.0,0.0
08-Apr-2015 23:00,09-Apr-2015 00:00,0.0,0.0,0.0
09-Apr-2015 00:00,09-Apr-2015 01:00,0.0,0.0,0.0
09-Apr-2015 01:00,09-Apr-2015 02:00,0.0,0.0,0.0
09-Apr-2015 02:00,09-Apr-2015 03:00,0.0,0.0,0.0
09-Apr-2015 03:00,09-Apr-2015 04:00,0.0,0.0,0.0
09-Apr-2015 04:00,09-Apr-2015 05:00,0.0,0.0,0.0
09-Apr-2015 05:00,09-Apr-2015 06:00,0.0,0.0,0.0
09-Apr-2015 06:00,09-Apr-2015 07:00,0.0,0.0,0.0
09-Apr-2015 07:00,09-Apr-2015 08:00,0.0,0.0,0.0
09-Apr-2015 08:00,09-Apr-2015 09:00,0.0,0.0,0.0
09-Apr-2015 09:00,09-Apr-2015 10:00,1.55406412448704,0.0,3170.0
09-Apr-2015 10:00,09-Apr-2015 11:00,0.383110532139557,2.0,803.0
09-Apr-2015 11:00,09-Apr-2015 12:00,0.0563634312021435,0.0,125.0
09-Apr-2015 12:00,09-Apr-2015 13:00,0.0809336152940364,0.0,178.0
09-Apr-2015 13:00,09-Apr-2015 14:00,0.595156716412611,1.0,1185.0
09-Apr-2015 14:00,09-Apr-2015 15:00,0.78394530250221,2.0,1678.0
09-Apr-2015 15:00,09-Apr-2015 16:00,0.0822665160981207,0.0,183.0
09-Apr-2015 16:00,09-Apr-2015 17:00,0.386607552707977,1.0,795.0
09-Apr-2015 17:00,09-Apr-2015 18:00,0.0275578123757294,0.0,60.0
09-Apr-2015 18:00,09-Apr-2015 19:00,0.0400660144754608,0.0,92.0
09-Apr-2015 19:00,09-Apr-2015 20:00,0.88944301470977,6.0,1855.0
09-Apr-2015 20:00,09-Apr-2015 21:00,0.0171866440408958,0.0,39.0
09-Apr-2015 21:00,09-Apr-2015 22:00,0.0,0.0,0.0
09-Apr-2015 22:00,09-Apr-2015 23:00,0.0,0.0,0.0
09-Apr-2015 23:00,10-Apr-2015 00:00,0.0,0.0,0.0
10-Apr-2015 00:00,10-Apr-2015 01:00,0.0,0.0,0.0
10-Apr-2015 01:00,10-Apr-2015 02:00,0.0,0.0,0.0
10-Apr-2015 02:00,10-Apr-2015 03:00,0.0,0.0,0.0
10-Apr-2015 03:00,10-Apr-2015 04:00,0.0,0.0,0.0
10-Apr-2015 04:00,10-Apr-2015 05:00,0.0,0.0,0.0
10-Apr-2015 05:00,10-Apr-2015 06:00,0.0,0.0,0.0
10-Apr-2015 06:00,10-Apr-2015 07:00,0.0,0.0,0.0
10-Apr-2015 07:00,10-Apr-2015 08:00,0.0,0.0,0.0
10-Apr-2015 08:00,10-Apr-2015 09:00,0.654563343576984,1.0,1305.29190539364
10-Apr-2015 09:00,10-Apr-2015 10:00,0.61720571672621,5.0,1256.70809460636
10-Apr-2015 10:00,10-Apr-2015 11:00,0.054122747098807,0.0,115.0
10-Apr-2015 11:00,10-Apr-2015 12:00,0.0107178770999423,0.0,25.0
10-Apr-2015 12:00,10-Apr-2015 13:00,0.55131709812468,0.0,1136.0
10-Apr-2015 13:00,10-Apr-2015 14:00,0.689303336705292,1.0,1401.91212932126
10-Apr-2015 14:00,10-Apr-2015 15:00,0.716040384480218,2.0,1427.08787067874
10-Apr-2015 15:00,10-Apr-2015 16:00,0.0253021874988274,0.0,58.0
10-Apr-2015 16:00,10-Apr-2015 17:00,0.182277369028247,0.0,407.0
10-Apr-2015 17:00,10-Apr-2015 18:00,0.186280628259821,0.0,406.0
10-Apr-2015 18:00,10-Apr-2015 19:00,0.870891816266877,1.0,1820.0
10-Apr-2015 19:00,10-Apr-2015 20:00,1.50262183645966,0.0,3170.0
10-Apr-2015 20:00,10-Apr-2015 21:00,0.0,0.0,0.0
10-Apr-2015 21:00,10-Apr-2015 22:00,0.0395783209743731,0.0,95.0
10-Apr-2015 22:00,10-Apr-2015 23:00,0.0181785469390293,0.0,45.0
10-Apr-2015 23:00,11-Apr-2015 00:00,0.073921653298149,0.0,157.0
11-Apr-2015 00:00,11-Apr-2015 01:00,0.0,0.0,0.0
11-Apr-2015 01:00,11-Apr-2015 02:00,0.0,0.0,0.0
11-Apr-2015 02:00,11-Apr-2015 03:00,0.0,0.0,0.0
11-Apr-2015 03:00,11-Apr-2015 04:00,0.0,0.0,0.0
11-Apr-2015 04:00,11-Apr-2015 05:00,0.0,0.0,0.0
11-Apr-2015 05:00,11-Apr-2015 06:00,0.0,0.0,0.0
11-Apr-2015 06:00,11-Apr-2015 07:00,0.0,0.0,0.0
11-Apr-2015 07:00,11-Apr-2015 08:00,0.0,0.0,0.0
11-Apr-2015 08:00,11-Apr-2015 09:00,0.0,0.0,0.0
11-Apr-2015 09:00,11-Apr-2015 10:00,0.00330497375068327,0.0,7.0
11-Apr-2015 10:00,11-Apr-2015 11:00,0.333684670347776,0.0,678.0
11-Apr-2015 11:00,11-Apr-2015 12:00,0.95360050493365,0.0,1993.0
11-Apr-2015 12:00,11-Apr-2015 13:00,0.615145456518407,0.0,1314.82146008422
11-Apr-2015 13:00,11-Apr-2015 14:00,0.903301514624796,0.0,1849.17853991578
11-Apr-2015 14:00,11-Apr-2015 15:00,0.345999094934062,0.0,761.0
11-Apr-2015 15:00,11-Apr-2015 16:00,1.18060350435593,3.0,2238.0
11-Apr-2015 16:00,11-Apr-2015 17:00,0.321205556703299,0.0,745.0
11-Apr-2015 17:00,11-Apr-2015 18:00,0.00608971197786007,0.0,14.0
11-Apr-2015 18:00,11-Apr-2015 19:00,1.15303741229681,0.0,2478.0
11-Apr-2015 19:00,11-Apr-2015 20:00,1.00952719796536,2.0,2197.0
11-Apr-2015 20:00,11-Apr-2015 21:00,0.0211683921325495,0.0,49.0
11-Apr-2015 21:00,11-Apr-2015 22:00,0.0413286339281564,0.0,101.0
11-Apr-2015 22:00,11-Apr-2015 23:00,1.23785390371417,2.0,2704.95996807972
11-Apr-2015 23:00,12-Apr-2015 00:00,0.627086077642337,2.0,1381.04003192028
12-Apr-2015 00:00,12-Apr-2015 01:00,0.0,0.0,0.0
12-Apr-2015 01:00,12-Apr-2015 02:00,0.0,0.0,0.0
12-Apr-2015 02:00,12-Apr-2015 03:00,0.0,0.0,0.0
12-Apr-2015 03:00,12-Apr-2015 04:00,0.0,0.0,0.0
12-Apr-2015 04:00,12-Apr-2015 05:00,0.0,0.0,0.0
12-Apr-2015 05:00,12-Apr-2015 06:00,0.0,0.0,0.0
12-Apr-2015 06:00,12-Apr-2015 07:00,0.0,0.0,0.0
12-Apr-2015 07:00,12-Apr-2015 08:00,0.0,0.0,0.0
12-Apr-2015 08:00,12-Apr-2015 09:00,0.0,0.0,0.0
12-Apr-2015 09:00,12-Apr-2015 10:00,0.0,0.0,0.0
12-Apr-2015 10:00,12-Apr-2015 11:00,0.0168176886013228,0.0,39.0
12-Apr-2015 11:00,12-Apr-2015 12:00,0.231965036130782,0.0,518.0
12-Apr-2015 12:00,12-Apr-2015 13:00,0.20328697191917,0.0,458.0
12-Apr-2015 13:00,12-Apr-2015 14:00,3.57556939149983,0.0,6696.87485973269
12-Apr-2015 14:00,12-Apr-2015 15:00,0.0515791530793803,0.0,104.125140267308
12-Apr-2015 15:00,12-Apr-2015 16:00,0.0,0.0,0.0
12-Apr-2015 16:00,12-Apr-2015 17:00,2.42780360300472,0.0,4680.56568349414
12-Apr-2015 17:00,12-Apr-2015 18:00,2.7417287448636,0.0,5433.23461542781
12-Apr-2015 18:00,12-Apr-2015 19:00,0.256036500705965,0.0,529.19970107805
12-Apr-2015 19:00,12-Apr-2015 20:00,0.478442995964597,0.0,1071.0
12-Apr-2015 20:00,12-Apr-2015 21:00,2.26656914402337,1.0,4502.0
12-Apr-2015 21:00,12-Apr-2015 22:00,0.00513262276530186,0.0,14.0
12-Apr-2015 22:00,12-Apr-2015 23:00,0.0,0.0,0.0
12-Apr-2015 23:00,13-Apr-2015 00:00,0.437920451418817,3.0,754.0
13-Apr-2015 00:00,13-Apr-2015 01:00,0.0,0.0,0.0
13-Apr-2015 01:00,13-Apr-2015 02:00,0.0,0.0,0.0
13-Apr-2015 02:00,13-Apr-2015 03:00,0.0,0.0,0.0
13-Apr-2015 03:00,13-Apr-2015 04:00,0.0,0.0,0.0
13-Apr-2015 04:00,13-Apr-2015 05:00,0.0,0.0,0.0
13-Apr-2015 05:00,13-Apr-2015 06:00,0.0,0.0,0.0
13-Apr-2015 06:00,13-Apr-2015 07:00,0.0,0.0,0.0
13-Apr-2015 07:00,13-Apr-2015 08:00,0.0,0.0,0.0
13-Apr-2015 08:00,13-Apr-2015 09:00,0.0,0.0,0.0
13-Apr-2015 09:00,13-Apr-2015 10:00,1.90093778951287,0.0,3858.0
13-Apr-2015 10:00,13-Apr-2015 11:00,0.584071047095823,1.0,1203.0
13-Apr-2015 11:00,13-Apr-2015 12:00,0.474356615372004,0.0,916.0
13-Apr-2015 12:00,13-Apr-2015 13:00,0.686366135616871,0.0,1409.0
13-Apr-2015 13:00,13-Apr-2015 14:00,0.223390512295488,1.0,428.0
13-Apr-2015 14:00,13-Apr-2015 15:00,0.0164707404475859,0.0,34.0
13-Apr-2015 15:00,13-Apr-2015 16:00,0.0700447684270453,0.0,150.0
13-Apr-2015 16:00,13-Apr-2015 17:00,0.526269241592513,0.0,1036.0
13-Apr-2015 17:00,13-Apr-2015 18:00,0.748708266578393,3.0,1534.0
13-Apr-2015 18:00,13-Apr-2015 19:00,1.43743294970059,1.0,2955.0
13-Apr-2015 19:00,13-Apr-2015 20:00,1.62849908547879,0.0,3421.0
13-Apr-2015 20:00,13-Apr-2015 21:00,0.0,0.0,0.0
13-Apr-2015 21:00,13-Apr-2015 22:00,0.0,0.0,0.0
13-Apr-2015 22:00,13-Apr-2015 23:00,0.0,0.0,0.0
13-Apr-2015 23:00,14-Apr-2015 00:00,0.0,0.0,0.0
14-Apr-2015 00:00,14-Apr-2015 01:00,0.0,0.0,0.0
14-Apr-2015 01:00,14-Apr-2015 02:00,0.0,0.0,0.0
14-Apr-2015 02:00,14-Apr-2015 03:00,0.0,0.0,0.0
14-Apr-2015 03:00,14-Apr-2015 04:00,0.0,0.0,0.0
14-Apr-2015 04:00,14-Apr-2015 05:00,0.0,0.0,0.0
14-Apr-2015 05:00,14-Apr-2015 06:00,0.0,0.0,0.0
14-Apr-2015 06:00,14-Apr-2015 07:00,0.0,0.0,0.0
14-Apr-2015 07:00,14-Apr-2015 08:00,0.0,0.0,0.0
14-Apr-2015 08:00,14-Apr-2015 09:00,0.00640315796011352,0.0,18.0
14-Apr-2015 09:00,14-Apr-2015 10:00,1.07885928006378,1.0,2125.47340909647
14-Apr-2015 10:00,14-Apr-2015 11:00,0.197534383024384,0.0,381.526590903529
14-Apr-2015 11:00,14-Apr-2015 12:00,0.439992381671781,0.0,905.0
14-Apr-2015 12:00,14-Apr-2015 13:00,0.475926551636375,0.0,979.0
14-Apr-2015 13:00,14-Apr-2015 14:00,1.82006589291221,0.0,3581.0
14-Apr-2015 14:00,14-Apr-2015 15:00,0.560725961265924,1.0,1160.0
14-Apr-2015 15:00,14-Apr-2015 16:00,0.0576699166914344,0.0,126.0
14-Apr-2015 16:00,14-Apr-2015 17:00,0.686894208601126,0.0,1424.0
14-Apr-2015 17:00,14-Apr-2015 18:00,0.226717814943092,0.0,512.0
14-Apr-2015 18:00,14-Apr-2015 19:00,0.71887354988979,0.0,1408.0
14-Apr-2015 19:00,14-Apr-2015 20:00,1.13724154556288,0.0,2263.0
14-Apr-2015 20:00,14-Apr-2015 21:00,1.99982659913031,1.0,3930.0
14-Apr-2015 21:00,14-Apr-2015 22:00,0.0388640167518378,0.0,92.0
14-Apr-2015 22:00,14-Apr-2015 23:00,0.0,0.0,0.0
14-Apr-2015 23:00,15-Apr-2015 00:00,0.0,0.0,0.0
15-Apr-2015 00:00,15-Apr-2015 01:00,0.0,0.0,0.0
15-Apr-2015 01:00,15-Apr-2015 02:00,0.0,0.0,0.0
15-Apr-2015 02:00,15-Apr-2015 03:00,0.0,0.0,0.0
15-Apr-2015 03:00,15-Apr-2015 04:00,0.0,0.0,0.0
15-Apr-2015 04:00,15-Apr-2015 05:00,0.0,0.0,0.0
15-Apr-2015 05:00,15-Apr-2015 06:00,0.0,0.0,0.0
15-Apr-2015 06:00,15-Apr-2015 07:00,0.0,0.0,0.0
15-Apr-2015 07:00,15-Apr-2015 08:00,0.0,0.0,0.0
15-Apr-2015 08:00,15-Apr-2015 09:00,0.0,0.0,0.0
15-Apr-2015 09:00,15-Apr-2015 10:00,1.58720729938288,0.0,3362.0
15-Apr-2015 10:00,15-Apr-2015 11:00,0.563384655612501,2.0,1062.0
15-Apr-2015 11:00,15-Apr-2015 12:00,0.0147224549508592,0.0,32.0
15-Apr-2015 12:00,15-Apr-2015 13:00,0.562646854985788,0.0,1172.0
15-Apr-2015 13:00,15-Apr-2015 14:00,0.474179719703875,1.0,970.0
15-Apr-2015 14:00,15-Apr-2015 15:00,0.613386617917188,0.0,1236.0
15-Apr-2015 15:00,15-Apr-2015 16:00,0.0119126744384558,0.0,24.0
15-Apr-2015 16:00,15-Apr-2015 17:00,0.148572361793566,0.0,314.0
15-Apr-2015 17:00,15-Apr-2015 18:00,1.36224957382358,2.0,2669.0
15-Apr-2015 18:00,15-Apr-2015 19:00,1.07675269783796,3.0,2223.0
15-Apr-2015 19:00,15-Apr-2015 20:00,1.20597946997846,1.0,2432.0
15-Apr-2015 20:00,15-Apr-2015 21:00,0.736449838063498,0.0,1693.0
15-Apr-2015 21:00,15-Apr-2015 22:00,0.00591932022924429,0.0,12.0
15-Apr-2015 22:00,15-Apr-2015 23:00,0.638272292805033,0.0,1259.0
15-Apr-2015 23:00,16-Apr-2015 00:00,0.549200883532807,4.0,1055.0
16-Apr-2015 00:00,16-Apr-2015 01:00,0.0,0.0,0.0
16-Apr-2015 01:00,16-Apr-2015 02:00,0.0,0.0,0.0
16-Apr-2015 02:00,16-Apr-2015 03:00,0.0,0.0,0.0
16-Apr-2015 03:00,16-Apr-2015 04:00,0.0,0.0,0.0
16-Apr-2015 04:00,16-Apr-2015 05:00,0.0,0.0,0.0
16-Apr-2015 05:00,16-Apr-2015 06:00,0.0,0.0,0.0
16-Apr-2015 06:00,16-Apr-2015 07:00,0.0,0.0,0.0
16-Apr-2015 07:00,16-Apr-2015 08:00,0.0,0.0,0.0
16-Apr-2015 08:00,16-Apr-2015 09:00,0.0,0.0,0.0
16-Apr-2015 09:00,16-Apr-2015 10:00,0.0300937303956198,0.0,69.0
16-Apr-2015 10:00,16-Apr-2015 11:00,1.43952535891903,2.0,2919.0
16-Apr-2015 11:00,16-Apr-2015 12:00,0.0,0.0,0.0
16-Apr-2015 12:00,16-Apr-2015 13:00,1.49959545406139,0.0,3154.0
16-Apr-2015 13:00,16-Apr-2015 14:00,0.244859268513996,0.0,540.0
16-Apr-2015 14:00,16-Apr-2015 15:00,2.01032797518537,2.0,4040.0
16-Apr-2015 15:00,16-Apr-2015 16:00,0.0,0.0,0.0
16-Apr-2015 16:00,16-Apr-2015 17:00,0.0,0.0,0.0
16-Apr-2015 17:00,16-Apr-2015 18:00,1.05917519634717,1.0,2132.0
16-Apr-2015 18:00,16-Apr-2015 19:00,0.751693974166093,1.0,1661.0
16-Apr-2015 19:00,16-Apr-2015 20:00,0.815148770756899,1.0,1799.0
16-Apr-2015 20:00,16-Apr-2015 21:00,1.53214902718373,2.0,3366.8807898829
16-Apr-2015 21:00,16-Apr-2015 22:00,0.430292706410244,0.0,931.119210117101
16-Apr-2015 22:00,16-Apr-2015 23:00,0.0,0.0,0.0
16-Apr-2015 23:00,17-Apr-2015 00:00,0.00227545363236717,0.0,6.0
17-Apr-2015 00:00,17-Apr-2015 01:00,0.0,0.0,0.0
17-Apr-2015 01:00,17-Apr-2015 02:00,0.0,0.0,0.0
17-Apr-2015 02:00,17-Apr-2015 03:00,0.0,0.0,0.0
17-Apr-2015 03:00,17-Apr-2015 04:00,0.0,0.0,0.0
17-Apr-2015 04:00,17-Apr-2015 05:00,0.0,0.0,0.0
17-Apr-2015 05:00,17-Apr-2015 06:00,0.0,0.0,0.0
17-Apr-2015 06:00,17-Apr-2015 07:00,0.0,0.0,0.0
17-Apr-2015 07:00,17-Apr-2015 08:00,0.0,0.0,0.0
17-Apr-2015 08:00,17-Apr-2015 09:00,0.0,0.0,0.0
17-Apr-2015 09:00,17-Apr-2015 10:00,1.57642538965722,0.0,3114.0
17-Apr-2015 10:00,17-Apr-2015 11:00,0.688183752187463,2.0,1463.0
17-Apr-2015 11:00,17-Apr-2015 12:00,1.56666792109222,5.0,3199.0
17-Apr-2015 12:00,17-Apr-2015 13:00,1.33541328986792,1.0,2778.0
17-Apr-2015 13:00,17-Apr-2015 14:00,0.401941480036733,0.0,867.0
17-Apr-2015 14:00,17-Apr-2015 15:00,0.0,0.0,0.0
17-Apr-2015 15:00,17-Apr-2015 16:00,1.51445268487482,0.0,2997.33680584211
17-Apr-2015 16:00,17-Apr-2015 17:00,0.263208891900204,0.0,520.663194157893
17-Apr-2015 17:00,17-Apr-2015 18:00,0.0151059480992726,0.0,35.0
17-Apr-2015 18:00,17-Apr-2015 19:00,0.143000082285059,0.0,315.0
17-Apr-2015 19:00,17-Apr-2015 20:00,1.11372305260181,0.0,2399.29508175767
17-Apr-2015 20:00,17-Apr-2015 21:00,0.576283282200161,0.0,1292.70491824233
17-Apr-2015 21:00,17-Apr-2015 22:00,0.498729199356292,3.0,1137.13812836247
17-Apr-2015 22:00,17-Apr-2015 23:00,0.112787485374836,3.0,259.861871637533
17-Apr-2015 23:00,18-Apr-2015 00:00,0.138750820220843,5.0,324.0
18-Apr-2015 00:00,18-Apr-2015 01:00,0.0766241232435544,2.0,181.0
18-Apr-2015 01:00,18-Apr-2015 02:00,0.0,0.0,0.0
18-Apr-2015 02:00,18-Apr-2015 03:00,0.0,0.0,0.0
18-Apr-2015 03:00,18-Apr-2015 04:00,0.0,0.0,0.0
18-Apr-2015 04:00,18-Apr-2015 05:00,0.0,0.0,0.0
18-Apr-2015 05:00,18-Apr-2015 06:00,0.0,0.0,0.0
18-Apr-2015 06:00,18-Apr-2015 07:00,0.0,0.0,0.0
18-Apr-2015 07:00,18-Apr-2015 08:00,0.0,0.0,0.0
18-Apr-2015 08:00,18-Apr-2015 09:00,0.706448198335756,0.0,1341.0
18-Apr-2015 09:00,18-Apr-2015 10:00,1.28086725046712,2.0,2483.0
18-Apr-2015 10:00,18-Apr-2015 11:00,0.173894268659727,0.0,373.0
18-Apr-2015 11:00,18-Apr-2015 12:00,0.0748077404504856,0.0,161.0
18-Apr-2015 12:00,18-Apr-2015 13:00,0.538144629632078,0.0,1113.0
18-Apr-2015 13:00,18-Apr-2015 14:00,1.43209046452145,2.0,3010.0
18-Apr-2015 14:00,18-Apr-2015 15:00,1.07458817027193,3.0,2226.0
18-Apr-2015 15:00,18-Apr-2015 16:00,0.331297965815856,0.0,641.0
18-Apr-2015 16:00,18-Apr-2015 17:00,0.358197508850439,0.0,746.0
18-Apr-2015 17:00,18-Apr-2015 18:00,1.31372533111852,0.0,2612.0
18-Apr-2015 18:00,18-Apr-2015 19:00,0.981576851381927,6.0,2041.0
18-Apr-2015 19:00,18-Apr-2015 20:00,0.0847392027399947,0.0,195.0
18-Apr-2015 20:00,18-Apr-2015 21:00,0.613781095534628,0.0,1222.0
18-Apr-2015 21:00,18-Apr-2015 22:00,0.261787800369347,0.0,561.234791962211
18-Apr-2015 22:00,18-Apr-2015 23:00,0.752199042488354,2.0,1635.76520803779
18-Apr-2015 23:00,19-Apr-2015 00:00,0.112314082817428,0.0,251.0
19-Apr-2015 00:00,19-Apr-2015 01:00,0.0,0.0,0.0
19-Apr-2015 01:00,19-Apr-2015 02:00,0.0,0.0,0.0
19-Apr-2015 02:00,19-Apr-2015 03:00,0.0,0.0,0.0
19-Apr-2015 03:00,19-Apr-2015 04:00,0.0,0.0,0.0
19-Apr-2015 04:00,19-Apr-2015 05:00,0.0,0.0,0.0
19-Apr-2015 05:00,19-Apr-2015 06:00,0.0,0.0,0.0
19-Apr-2015 06:00,19-Apr-2015 07:00,0.0,0.0,0.0
19-Apr-2015 07:00,19-Apr-2015 08:00,0.0,0.0,0.0
19-Apr-2015 08:00,19-Apr-2015 09:00,0.0,0.0,0.0
19-Apr-2015 09:00,19-Apr-2015 10:00,0.0,0.0,0.0
19-Apr-2015 10:00,19-Apr-2015 11:00,0.281839697974161,0.0,617.0
19-Apr-2015 11:00,19-Apr-2015 12:00,1.17270943061943,0.0,2382.58742775527
19-Apr-2015 12:00,19-Apr-2015 13:00,1.02741687117725,0.0,2259.69648352215
19-Apr-2015 13:00,19-Apr-2015 14:00,1.14214764301343,3.0,2461.71608872258
19-Apr-2015 14:00,19-Apr-2015 15:00,0.0,0.0,0.0
19-Apr-2015 15:00,19-Apr-2015 16:00,0.0,0.0,0.0
19-Apr-2015 16:00,19-Apr-2015 17:00,0.210694851171367,0.0,475.0
19-Apr-2015 17:00,19-Apr-2015 18:00,0.319732731613162,0.0,684.0
19-Apr-2015 18:00,19-Apr-2015 19:00,0.0,0.0,0.0
19-Apr-2015 19:00,19-Apr-2015 20:00,0.018503747238015,0.0,43.0
19-Apr-2015 20:00,19-Apr-2015 21:00,0.0,0.0,0.0
19-Apr-2015 21:00,19-Apr-2015 22:00,0.0,0.0,0.0
19-Apr-2015 22:00,19-Apr-2015 23:00,0.0,0.0,0.0
19-Apr-2015 23:00,20-Apr-2015 00:00,0.0,0.0,0.0
20-Apr-2015 00:00,20-Apr-2015 01:00,0.0,0.0,0.0
20-Apr-2015 01:00,20-Apr-2015 02:00,0.0,0.0,0.0
20-Apr-2015 02:00,20-Apr-2015 03:00,0.0,0.0,0.0
20-Apr-2015 03:00,20-Apr-2015 04:00,0.0,0.0,0.0
20-Apr-2015 04:00,20-Apr-2015 05:00,0.0,0.0,0.0
20-Apr-2015 05:00,20-Apr-2015 06:00,0.0,0.0,0.0
20-Apr-2015 06:00,20-Apr-2015 07:00,0.0,0.0,0.0
20-Apr-2015 07:00,20-Apr-2015 08:00,0.0,0.0,0.0
20-Apr-2015 08:00,20-Apr-2015 09:00,0.0,0.0,0.0
20-Apr-2015 09:00,20-Apr-2015 10:00,0.795338232154166,2.0,1607.0
20-Apr-2015 10:00,20-Apr-2015 11:00,0.219780926005311,0.0,478.0
20-Apr-2015 11:00,20-Apr-2015 12:00,0.0724718753272493,0.0,151.0
20-Apr-2015 12:00,20-Apr-2015 13:00,0.310868834742258,2.0,645.0
20-Apr-2015 13:00,20-Apr-2015 14:00,0.510988886805057,2.0,1001.0
20-Apr-2015 14:00,20-Apr-2015 15:00,0.604842891462882,1.0,1251.0
20-Apr-2015 15:00,20-Apr-2015 16:00,0.691857375127821,0.0,1412.0
20-Apr-2015 16:00,20-Apr-2015 17:00,0.0925473736179336,1.0,202.0
20-Apr-2015 17:00,20-Apr-2015 18:00,0.167203926195868,0.0,362.0
20-Apr-2015 18:00,20-Apr-2015 19:00,0.934189349563681,1.0,1944.80494325199
20-Apr-2015 19:00,20-Apr-2015 20:00,0.0048263272433046,0.0,10.195056748007
20-Apr-2015 20:00,20-Apr-2015 21:00,1.05262081563927,3.0,2143.62549837187
20-Apr-2015 21:00,20-Apr-2015 22:00,1.3955452016239,1.0,2750.37450162813
20-Apr-2015 22:00,20-Apr-2015 23:00,0.00908657495938759,0.0,20.0
20-Apr-2015 23:00,21-Apr-2015 00:00,0.0,0.0,0.0
21-Apr-2015 00:00,21-Apr-2015 01:00,0.0,0.0,0.0
21-Apr-2015 01:00,21-Apr-2015 02:00,0.0,0.0,0.0
21-Apr-2015 02:00,21-Apr-2015 03:00,0.0,0.0,0.0
21-Apr-2015 03:00,21-Apr-2015 04:00,0.0,0.0,0.0
21-Apr-2015 04:00,21-Apr-2015 05:00,0.0,0.0,0.0
21-Apr-2015 05:00,21-Apr-2015 06:00,0.0,0.0,0.0
21-Apr-2015 06:00,21-Apr-2015 07:00,0.0,0.0,0.0
21-Apr-2015 07:00,21-Apr-2015 08:00,0.0,0.0,0.0
21-Apr-2015 08:00,21-Apr-2015 09:00,0.0,0.0,0.0
21-Apr-2015 09:00,21-Apr-2015 10:00,0.458179271663872,0.0,909.0
21-Apr-2015 10:00,21-Apr-2015 11:00,0.0,0.0,0.0
21-Apr-2015 11:00,21-Apr-2015 12:00,0.474447821270335,0.0,940.0
21-Apr-2015 12:00,21-Apr-2015 13:00,0.993545252941682,1.0,1990.0
21-Apr-2015 13:00,21-Apr-2015 14:00,0.744785475283178,4.0,1522.0
21-Apr-2015 14:00,21-Apr-2015 15:00,0.0945678193933666,0.0,209.0
21-Apr-2015 15:00,21-Apr-2015 16:00,0.0478493670758936,0.0,101.0
21-Apr-2015 16:00,21-Apr-2015 17:00,0.0463187373961322,0.0,100.0
21-Apr-2015 17:00,21-Apr-2015 18:00,0.0415398276377703,0.0,88.0
21-Apr-2015 18:00,21-Apr-2015 19:00,0.403909636273116,0.0,855.0
21-Apr-2015 19:00,21-Apr-2015 20:00,0.0561776871090514,0.0,120.0
21-Apr-2015 20:00,21-Apr-2015 21:00,0.0949970481373534,0.0,209.0
21-Apr-2015 21:00,21-Apr-2015 22:00,0.775868472815532,2.0,1536.0
21-Apr-2015 22:00,21-Apr-2015 23:00,0.00653479167001076,0.0,17.0
21-Apr-2015 23:00,22-Apr-2015 00:00,0.0,0.0,0.0
22-Apr-2015 00:00,22-Apr-2015 01:00,0.0,0.0,0.0
22-Apr-2015 01:00,22-Apr-2015 02:00,0.0,0.0,0.0
22-Apr-2015 02:00,22-Apr-2015 03:00,0.0,0.0,0.0
22-Apr-2015 03:00,22-Apr-2015 04:00,0.0,0.0,0.0
22-Apr-2015 04:00,22-Apr-2015 05:00,0.0,0.0,0.0
22-Apr-2015 05:00,22-Apr-2015 06:00,0.0,0.0,0.0
22-Apr-2015 06:00,22-Apr-2015 07:00,0.0,0.0,0.0
22-Apr-2015 07:00,22-Apr-2015 08:00,0.0,0.0,0.0
22-Apr-2015 08:00,22-Apr-2015 09:00,0.0,0.0,0.0
22-Apr-2015 09:00,22-Apr-2015 10:00,0.694362272983293,1.0,1358.60479545993
22-Apr-2015 10:00,22-Apr-2015 11:00,0.15835502118561,0.0,330.395204540068
22-Apr-2015 11:00,22-Apr-2015 12:00,0.186010184647418,0.0,385.0
22-Apr-2015 12:00,22-Apr-2015 13:00,0.318694947111322,0.0,677.0
22-Apr-2015 13:00,22-Apr-2015 14:00,0.878290442362887,1.0,1657.33756070739
22-Apr-2015 14:00,22-Apr-2015 15:00,0.459577476613012,0.0,894.662439292611
22-Apr-2015 15:00,22-Apr-2015 16:00,0.26650589327304,1.0,550.0
22-Apr-2015 16:00,22-Apr-2015 17:00,0.0564263928711808,0.0,117.0
22-Apr-2015 17:00,22-Apr-2015 18:00,0.457770038857485,0.0,931.050112779671
22-Apr-2015 18:00,22-Apr-2015 19:00,0.490206155743493,3.0,1011.94988722033
22-Apr-2015 19:00,22-Apr-2015 20:00,0.0268774742225936,2.0,62.0
22-Apr-2015 20:00,22-Apr-2015 21:00,0.0620002572414066,0.0,129.0
22-Apr-2015 21:00,22-Apr-2015 22:00,0.0530784512332309,0.0,125.0
22-Apr-2015 22:00,22-Apr-2015 23:00,0.862227896511936,2.0,1966.0
22-Apr-2015 23:00,23-Apr-2015 00:00,0.0,0.0,0.0
23-Apr-2015 00:00,23-Apr-2015 01:00,0.0,0.0,0.0
23-Apr-2015 01:00,23-Apr-2015 02:00,0.0,0.0,0.0
23-Apr-2015 02:00,23-Apr-2015 03:00,0.0,0.0,0.0
23-Apr-2015 03:00,23-Apr-2015 04:00,0.0,0.0,0.0
23-Apr-2015 04:00,23-Apr-2015 05:00,0.0,0.0,0.0
23-Apr-2015 05:00,23-Apr-2015 06:00,0.0,0.0,0.0
23-Apr-2015 06:00,23-Apr-2015 07:00,0.0,0.0,0.0
23-Apr-2015 07:00,23-Apr-2015 08:00,0.0,0.0,0.0
23-Apr-2015 08:00,23-Apr-2015 09:00,0.0229385763727194,0.0,54.0
23-Apr-2015 09:00,23-Apr-2015 10:00,1.42913661141892,0.0,3109.0
23-Apr-2015 10:00,23-Apr-2015 11:00,0.561238070647754,2.0,1182.0
23-Apr-2015 11:00,23-Apr-2015 12:00,0.105110949684561,0.0,223.0
23-Apr-2015 12:00,23-Apr-2015 13:00,0.0548721436856644,0.0,122.0
23-Apr-2015 13:00,23-Apr-2015 14:00,0.230138846936801,1.0,478.0
23-Apr-2015 14:00,23-Apr-2015 15:00,0.0458005583873164,0.0,104.0
23-Apr-2015 15:00,23-Apr-2015 16:00,0.418044470303148,2.0,877.0
23-Apr-2015 16:00,23-Apr-2015 17:00,0.0307958804324166,0.0,68.0
23-Apr-2015 17:00,23-Apr-2015 18:00,1.33857428446447,0.0,2842.55115569919
23-Apr-2015 18:00,23-Apr-2015 19:00,0.622816871932099,0.0,1336.44884430081
23-Apr-2015 19:00,23-Apr-2015 20:00,0.0902837463002282,0.0,194.0
23-Apr-2015 20:00,23-Apr-2015 21:00,0.0526717928238511,0.0,112.0
23-Apr-2015 21:00,23-Apr-2015 22:00,0.748826146896191,2.0,1593.0
23-Apr-2015 22:00,23-Apr-2015 23:00,0.240284477385124,0.0,548.0
23-Apr-2015 23:00,24-Apr-2015 00:00,0.0,0.0,0.0
24-Apr-2015 00:00,24-Apr-2015 01:00,0.0,0.0,0.0
24-Apr-2015 01:00,24-Apr-2015 02:00,0.0,0.0,0.0
24-Apr-2015 02:00,24-Apr-2015 03:00,0.0,0.0,0.0
24-Apr-2015 03:00,24-Apr-2015 04:00,0.0,0.0,0.0
24-Apr-2015 04:00,24-Apr-2015 05:00,0.0,0.0,0.0
24-Apr-2015 05:00,24-Apr-2015 06:00,0.0,0.0,0.0
24-Apr-2015 06:00,24-Apr-2015 07:00,0.0,0.0,0.0
24-Apr-2015 07:00,24-Apr-2015 08:00,0.0,0.0,0.0
24-Apr-2015 08:00,24-Apr-2015 09:00,0.0,0.0,0.0
24-Apr-2015 09:00,24-Apr-2015 10:00,0.540499242020482,1.0,1137.96258443254
24-Apr-2015 10:00,24-Apr-2015 11:00,0.462979232834389,2.0,939.03741556746
24-Apr-2015 11:00,24-Apr-2015 12:00,0.269152347919032,2.0,579.0
24-Apr-2015 12:00,24-Apr-2015 13:00,0.0959260218101757,0.0,219.0
24-Apr-2015 13:00,24-Apr-2015 14:00,0.661824946990196,1.0,1370.0
24-Apr-2015 14:00,24-Apr-2015 15:00,0.463320089056405,1.0,962.0
24-Apr-2015 15:00,24-Apr-2015 16:00,0.631334285322918,1.0,1314.0
24-Apr-2015 16:00,24-Apr-2015 17:00,0.0602549178502585,0.0,124.0
24-Apr-2015 17:00,24-Apr-2015 18:00,0.204875791025572,0.0,432.0
24-Apr-2015 18:00,24-Apr-2015 19:00,0.512378390567012,1.0,1108.0
24-Apr-2015 19:00,24-Apr-2015 20:00,0.417605207539622,1.0,846.0
24-Apr-2015 20:00,24-Apr-2015 21:00,0.886976232156619,1.0,1913.0
24-Apr-2015 21:00,24-Apr-2015 22:00,0.762137965229306,1.0,1595.0
24-Apr-2015 22:00,24-Apr-2015 23:00,0.00864948699596973,0.0,17.0
24-Apr-2015 23:00,25-Apr-2015 00:00,0.0,0.0,0.0
25-Apr-2015 00:00,25-Apr-2015 01:00,0.0,0.0,0.0
25-Apr-2015 01:00,25-Apr-2015 02:00,0.0,0.0,0.0
25-Apr-2015 02:00,25-Apr-2015 03:00,0.0,0.0,0.0
25-Apr-2015 03:00,25-Apr-2015 04:00,0.0,0.0,0.0
25-Apr-2015 04:00,25-Apr-2015 05:00,0.0,0.0,0.0
25-Apr-2015 05:00,25-Apr-2015 06:00,0.0,0.0,0.0
25-Apr-2015 06:00,25-Apr-2015 07:00,0.0,0.0,0.0
25-Apr-2015 07:00,25-Apr-2015 08:00,0.0,0.0,0.0
25-Apr-2015 08:00,25-Apr-2015 09:00,0.0243494658622832,0.0,51.545858329881
25-Apr-2015 09:00,25-Apr-2015 10:00,1.95674474252053,1.0,4073.45414167012
25-Apr-2015 10:00,25-Apr-2015 11:00,0.186834433756807,0.0,431.0
25-Apr-2015 11:00,25-Apr-2015 12:00,0.0795945366932316,0.0,174.148025248062
25-Apr-2015 12:00,25-Apr-2015 13:00,0.0870020472705142,0.0,194.851974751938
25-Apr-2015 13:00,25-Apr-2015 14:00,0.385023974892082,0.0,822.765646958476
25-Apr-2015 14:00,25-Apr-2015 15:00,0.453089499898598,0.0,958.234353041524
25-Apr-2015 15:00,25-Apr-2015 16:00,0.055500874890643,0.0,122.0
25-Apr-2015 16:00,25-Apr-2015 17:00,0.332316693554985,0.0,713.0
25-Apr-2015 17:00,25-Apr-2015 18:00,0.130076491790869,0.0,283.0
25-Apr-2015 18:00,25-Apr-2015 19:00,0.289720943797826,1.0,633.0
25-Apr-2015 19:00,25-Apr-2015 20:00,0.00254380685327332,0.0,7.0
25-Apr-2015 20:00,25-Apr-2015 21:00,0.864820412266821,2.0,1870.0
25-Apr-2015 21:00,25-Apr-2015 22:00,0.142499389252575,0.0,326.0
25-Apr-2015 22:00,25-Apr-2015 23:00,0.278038969954823,0.0,629.0
25-Apr-2015 23:00,26-Apr-2015 00:00,0.276880978283141,0.0,634.0
26-Apr-2015 00:00,26-Apr-2015 01:00,0.0180433832910057,0.0,40.0
26-Apr-2015 01:00,26-Apr-2015 02:00,0.0,0.0,0.0
26-Apr-2015 02:00,26-Apr-2015 03:00,0.0,0.0,0.0
26-Apr-2015 03:00,26-Apr-2015 04:00,0.0,0.0,0.0
26-Apr-2015 04:00,26-Apr-2015 05:00,0.0,0.0,0.0
26-Apr-2015 05:00,26-Apr-2015 06:00,0.0,0.0,0.0
26-Apr-2015 06:00,26-Apr-2015 07:00,0.0,0.0,0.0
26-Apr-2015 07:00,26-Apr-2015 08:00,0.0,0.0,0.0
26-Apr-2015 08:00,26-Apr-2015 09:00,0.0,0.0,0.0
26-Apr-2015 09:00,26-Apr-2015 10:00,0.0107932176091596,0.0,24.0
26-Apr-2015 10:00,26-Apr-2015 11:00,0.00425017895491928,0.0,12.0
26-Apr-2015 11:00,26-Apr-2015 12:00,0.990889107307633,0.0,2140.0
26-Apr-2015 12:00,26-Apr-2015 13:00,0.365515779369827,1.0,803.0
26-Apr-2015 13:00,26-Apr-2015 14:00,0.131931940463266,0.0,315.0
26-Apr-2015 14:00,26-Apr-2015 15:00,0.713602933800322,3.0,1475.0
26-Apr-2015 15:00,26-Apr-2015 16:00,0.0853271087152508,1.0,177.072959507748
26-Apr-2015 16:00,26-Apr-2015 17:00,1.52971324602439,2.0,3140.92704049225
26-Apr-2015 17:00,26-Apr-2015 18:00,1.40087425374902,0.0,2859.0
26-Apr-2015 18:00,26-Apr-2015 19:00,0.0,0.0,0.0
26-Apr-2015 19:00,26-Apr-2015 20:00,1.36697922837117,0.0,2823.6611652899
26-Apr-2015 20:00,26-Apr-2015 21:00,0.34577516294118,0.0,701.338834710104
26-Apr-2015 21:00,26-Apr-2015 22:00,0.015069661279583,0.0,33.0
26-Apr-2015 22:00,26-Apr-2015 23:00,0.0,0.0,0.0
26-Apr-2015 23:00,27-Apr-2015 00:00,0.0,0.0,0.0
27-Apr-2015 00:00,27-Apr-2015 01:00,0.0,0.0,0.0
27-Apr-2015 01:00,27-Apr-2015 02:00,0.0,0.0,0.0
27-Apr-2015 02:00,27-Apr-2015 03:00,0.0,0.0,0.0
27-Apr-2015 03:00,27-Apr-2015 04:00,0.0,0.0,0.0
27-Apr-2015 04:00,27-Apr-2015 05:00,0.0,0.0,0.0
27-Apr-2015 05:00,27-Apr-2015 06:00,0.0,0.0,0.0
27-Apr-2015 06:00,27-Apr-2015 07:00,0.0,0.0,0.0
27-Apr-2015 07:00,27-Apr-2015 08:00,0.0,0.0,0.0
27-Apr-2015 08:00,27-Apr-2015 09:00,0.0,0.0,0.0
27-Apr-2015 09:00,27-Apr-2015 10:00,1.38746162419594,2.0,2896.64701028784
27-Apr-2015 10:00,27-Apr-2015 11:00,0.324628656880245,1.0,643.352989712156
27-Apr-2015 11:00,27-Apr-2015 12:00,0.126872805747895,0.0,258.0
27-Apr-2015 12:00,27-Apr-2015 13:00,0.098770938137336,0.0,211.0
27-Apr-2015 13:00,27-Apr-2015 14:00,0.653064475196724,0.0,1235.0
27-Apr-2015 14:00,27-Apr-2015 15:00,0.486616400796137,1.0,998.0
27-Apr-2015 15:00,27-Apr-2015 16:00,0.164583153393134,0.0,347.0
27-Apr-2015 16:00,27-Apr-2015 17:00,0.0439162783184537,0.0,96.0
27-Apr-2015 17:00,27-Apr-2015 18:00,0.594103855492338,0.0,1255.59926032499
27-Apr-2015 18:00,27-Apr-2015 19:00,0.538398852691523,2.0,1113.40073967501
27-Apr-2015 19:00,27-Apr-2015 20:00,0.285120102396647,0.0,573.0
27-Apr-2015 20:00,27-Apr-2015 21:00,0.68868749262935,1.0,1382.0
27-Apr-2015 21:00,27-Apr-2015 22:00,0.277875555232523,0.0,626.26304860342
27-Apr-2015 22:00,27-Apr-2015 23:00,0.0481121201151832,0.0,106.73695139658
27-Apr-2015 23:00,28-Apr-2015 00:00,0.0,0.0,0.0
28-Apr-2015 00:00,28-Apr-2015 01:00,0.0,0.0,0.0
28-Apr-2015 01:00,28-Apr-2015 02:00,0.0,0.0,0.0
28-Apr-2015 02:00,28-Apr-2015 03:00,0.0,0.0,0.0
28-Apr-2015 03:00,28-Apr-2015 04:00,0.0,0.0,0.0
28-Apr-2015 04:00,28-Apr-2015 05:00,0.0,0.0,0.0
28-Apr-2015 05:00,28-Apr-2015 06:00,0.0,0.0,0.0
28-Apr-2015 06:00,28-Apr-2015 07:00,0.0,0.0,0.0
28-Apr-2015 07:00,28-Apr-2015 08:00,0.0,0.0,0.0
28-Apr-2015 08:00,28-Apr-2015 09:00,0.0365464948603042,0.0,83.1815494730309
28-Apr-2015 09:00,28-Apr-2015 10:00,1.80716686216359,2.0,3828.81845052697
28-Apr-2015 10:00,28-Apr-2015 11:00,0.148498938084489,0.0,318.0
28-Apr-2015 11:00,28-Apr-2015 12:00,0.0599436632849458,0.0,122.0
28-Apr-2015 12:00,28-Apr-2015 13:00,0.768857623610726,0.0,1551.0
28-Apr-2015 13:00,28-Apr-2015 14:00,0.0971030196196104,0.0,221.0
28-Apr-2015 14:00,28-Apr-2015 15:00,0.194490359758473,0.0,415.0
28-Apr-2015 15:00,28-Apr-2015 16:00,0.259895755538465,0.0,556.0
28-Apr-2015 16:00,28-Apr-2015 17:00,0.0102091286884551,0.0,22.0
28-Apr-2015 17:00,28-Apr-2015 18:00,0.0610329071343442,0.0,129.0
28-Apr-2015 18:00,28-Apr-2015 19:00,0.507054533859313,0.0,1088.0
28-Apr-2015 19:00,28-Apr-2015 20:00,0.415542931073497,0.0,854.738745808438
28-Apr-2015 20:00,28-Apr-2015 21:00,0.434438799942163,1.0,905.261254191562
28-Apr-2015 21:00,28-Apr-2015 22:00,0.285719276497108,0.0,642.0
28-Apr-2015 22:00,28-Apr-2015 23:00,0.0189981357147131,0.0,44.0
28-Apr-2015 23:00,29-Apr-2015 00:00,0.0,0.0,0.0
29-Apr-2015 00:00,29-Apr-2015 01:00,0.0,0.0,0.0
29-Apr-2015 01:00,29-Apr-2015 02:00,0.0,0.0,0.0
29-Apr-2015 02:00,29-Apr-2015 03:00,0.0,0.0,0.0
29-Apr-2015 03:00,29-Apr-2015 04:00,0.0,0.0,0.0
29-Apr-2015 04:00,29-Apr-2015 05:00,0.0,0.0,0.0
29-Apr-2015 05:00,29-Apr-2015 06:00,0.0,0.0,0.0
29-Apr-2015 06:00,29-Apr-2015 07:00,0.0,0.0,0.0
29-Apr-2015 07:00,29-Apr-2015 08:00,0.0,0.0,0.0
29-Apr-2015 08:00,29-Apr-2015 09:00,0.0,0.0,0.0
29-Apr-2015 09:00,29-Apr-2015 10:00,1.4552828690891,1.0,3002.0
29-Apr-2015 10:00,29-Apr-2015 11:00,0.268323409482196,0.0,516.0
29-Apr-2015 11:00,29-Apr-2015 12:00,0.0480646094774881,0.0,114.0
29-Apr-2015 12:00,29-Apr-2015 13:00,0.276677622266333,0.0,583.0
29-Apr-2015 13:00,29-Apr-2015 14:00,0.16271526590353,0.0,326.0
29-Apr-2015 14:00,29-Apr-2015 15:00,1.3513545901008,0.0,2760.0
29-Apr-2015 15:00,29-Apr-2015 16:00,0.316958210543392,2.0,672.0
29-Apr-2015 16:00,29-Apr-2015 17:00,0.00706499045573559,0.0,17.0
29-Apr-2015 17:00,29-Apr-2015 18:00,0.479062307905666,0.0,1035.0
29-Apr-2015 18:00,29-Apr-2015 19:00,0.871253674468288,1.0,1770.0
29-Apr-2015 19:00,29-Apr-2015 20:00,1.23904996452844,0.0,2562.0
29-Apr-2015 20:00,29-Apr-2015 21:00,0.0,0.0,0.0
29-Apr-2015 21:00,29-Apr-2015 22:00,0.300044786039269,0.0,650.077899801472
29-Apr-2015 22:00,29-Apr-2015 23:00,0.198802931026427,0.0,452.922100198528
29-Apr-2015 23:00,30-Apr-2015 00:00,0.0,0.0,0.0
30-Apr-2015 00:00,30-Apr-2015 01:00,0.0,0.0,0.0
30-Apr-2015 01:00,30-Apr-2015 02:00,0.0,0.0,0.0
30-Apr-2015 02:00,30-Apr-2015 03:00,0.0,0.0,0.0
30-Apr-2015 03:00,30-Apr-2015 04:00,0.0,0.0,0.0
30-Apr-2015 04:00,30-Apr-2015 05:00,0.0,0.0,0.0
30-Apr-2015 05:00,30-Apr-2015 06:00,0.0,0.0,0.0
30-Apr-2015 06:00,30-Apr-2015 07:00,0.0,0.0,0.0
30-Apr-2015 07:00,30-Apr-2015 08:00,0.0,0.0,0.0
30-Apr-2015 08:00,30-Apr-2015 09:00,0.0,0.0,0.0
30-Apr-2015 09:00,30-Apr-2015 10:00,1.06632796364887,2.0,2276.0
30-Apr-2015 10:00,30-Apr-2015 11:00,0.134802811220018,0.0,300.0
30-Apr-2015 11:00,30-Apr-2015 12:00,0.09684762366538,0.0,212.0
30-Apr-2015 12:00,30-Apr-2015 13:00,0.143722704499892,0.0,310.0
30-Apr-2015 13:00,30-Apr-2015 14:00,0.275921001107616,0.0,577.0
30-Apr-2015 14:00,30-Apr-2015 15:00,0.409791228315985,1.0,818.0
30-Apr-2015 15:00,30-Apr-2015 16:00,0.183803093154295,0.0,397.423644823748
30-Apr-2015 16:00,30-Apr-2015 17:00,0.385681970544021,0.0,811.576355176252
30-Apr-2015 17:00,30-Apr-2015 18:00,0.318169101966637,0.0,658.0
30-Apr-2015 18:00,30-Apr-2015 19:00,0.342763444952468,0.0,718.0
30-Apr-2015 19:00,30-Apr-2015 20:00,0.0,0.0,0.0
30-Apr-2015 20:00,30-Apr-2015 21:00,0.12133907021512,0.0,252.089231855153
30-Apr-2015 21:00,30-Apr-2015 22:00,2.50984775116566,4.0,4967.69625796558
30-Apr-2015 22:00,30-Apr-2015 23:00,0.0607667361151853,1.0,122.214510179271
30-Apr-2015 23:00,01-May-2015 00:00,0.0,0.0,0.0
01-May-2015 00:00,01-May-2015 01:00,0.0,0.0,0.0
01-May-2015 01:00,01-May-2015 02:00,0.0,0.0,0.0
01-May-2015 02:00,01-May-2015 03:00,0.0,0.0,0.0
01-May-2015 03:00,01-May-2015 04:00,0.0,0.0,0.0
01-May-2015 04:00,01-May-2015 05:00,0.0,0.0,0.0
01-May-2015 05:00,01-May-2015 06:00,0.0,0.0,0.0
01-May-2015 06:00,01-May-2015 07:00,0.0,0.0,0.0
01-May-2015 07:00,01-May-2015 08:00,0.0,0.0,0.0
01-May-2015 08:00,01-May-2015 09:00,0.0661144279983708,0.0,142.0
01-May-2015 09:00,01-May-2015 10:00,0.674529332491758,2.0,1344.0
01-May-2015 10:00,01-May-2015 11:00,0.0,0.0,0.0
01-May-2015 11:00,01-May-2015 12:00,0.111082599262019,0.0,243.0
01-May-2015 12:00,01-May-2015 13:00,0.294297805215427,0.0,613.0
01-May-2015 13:00,01-May-2015 14:00,0.267159093787795,0.0,564.0
01-May-2015 14:00,01-May-2015 15:00,0.128782958193762,0.0,276.689195805984
01-May-2015 15:00,01-May-2015 16:00,0.164070779161559,1.0,347.310804194016
01-May-2015 16:00,01-May-2015 17:00,0.634570284782498,1.0,1331.0
01-May-2015 17:00,01-May-2015 18:00,0.658020963666485,1.0,1349.0
01-May-2015 18:00,01-May-2015 19:00,0.503014181701232,0.0,1058.0
01-May-2015 19:00,01-May-2015 20:00,1.21569637271101,5.0,2419.0
01-May-2015 20:00,01-May-2015 21:00,0.615043807267444,0.0,1322.0
01-May-2015 21:00,01-May-2015 22:00,0.423508508848124,3.0,919.0
01-May-2015 22:00,01-May-2015 23:00,0.0,0.0,0.0
01-May-2015 23:00,02-May-2015 00:00,0.0,0.0,0.0
02-May-2015 00:00,02-May-2015 01:00,0.0,0.0,0.0
02-May-2015 01:00,02-May-2015 02:00,0.0,0.0,0.0
02-May-2015 02:00,02-May-2015 03:00,0.0,0.0,0.0
02-May-2015 03:00,02-May-2015 04:00,0.0,0.0,0.0
02-May-2015 04:00,02-May-2015 05:00,0.0,0.0,0.0
02-May-2015 05:00,02-May-2015 06:00,0.0,0.0,0.0
02-May-2015 06:00,02-May-2015 07:00,0.0,0.0,0.0
02-May-2015 07:00,02-May-2015 08:00,0.0,0.0,0.0
02-May-2015 08:00,02-May-2015 09:00,0.00597079765342138,0.0,14.1277777444987
02-May-2015 09:00,02-May-2015 10:00,2.24046510265216,2.0,4373.8722222555
02-May-2015 10:00,02-May-2015 11:00,0.0681310723683726,0.0,147.0
